StandardMessenger.java,org.bukkit.plugin.messaging.StandardMessenger,org.pitest.mutationtest.engine.gregor.mutators.NegateConditionalsMutator,addToIncoming,86,KILLED,org.bukkit.plugin.messaging.StandardMessengerTest.testGetIncomingChannelRegistrations_String(org.bukkit.plugin.messaging.StandardMessengerTest)
StandardMessenger.java,org.bukkit.plugin.messaging.StandardMessenger,org.pitest.mutationtest.engine.gregor.mutators.NegateConditionalsMutator,addToIncoming,90,KILLED,org.bukkit.plugin.messaging.StandardMessengerTest.testGetIncomingChannelRegistrations_String(org.bukkit.plugin.messaging.StandardMessengerTest)
StandardMessenger.java,org.bukkit.plugin.messaging.StandardMessenger,org.pitest.mutationtest.engine.gregor.mutators.NegateConditionalsMutator,addToIncoming,99,KILLED,org.bukkit.plugin.messaging.StandardMessengerTest.testGetIncomingChannelRegistrations_String(org.bukkit.plugin.messaging.StandardMessengerTest)
StandardMessenger.java,org.bukkit.plugin.messaging.StandardMessenger,org.pitest.mutationtest.engine.gregor.mutators.NegateConditionalsMutator,addToIncoming,103,KILLED,org.bukkit.plugin.messaging.StandardMessengerTest.testGetIncomingChannelRegistrations_String(org.bukkit.plugin.messaging.StandardMessengerTest)
StandardMessenger.java,org.bukkit.plugin.messaging.StandardMessenger,org.pitest.mutationtest.engine.gregor.mutators.NegateConditionalsMutator,addToOutgoing,28,KILLED,org.bukkit.plugin.messaging.StandardMessengerTest.testGetOutgoingChannels_Plugin(org.bukkit.plugin.messaging.StandardMessengerTest)
StandardMessenger.java,org.bukkit.plugin.messaging.StandardMessenger,org.pitest.mutationtest.engine.gregor.mutators.NegateConditionalsMutator,addToOutgoing,33,KILLED,org.bukkit.plugin.messaging.StandardMessengerTest.testGetOutgoingChannels_Plugin(org.bukkit.plugin.messaging.StandardMessengerTest)
StandardMessenger.java,org.bukkit.plugin.messaging.StandardMessenger,org.pitest.mutationtest.engine.gregor.mutators.NegateConditionalsMutator,dispatchIncomingMessage,413,KILLED,org.bukkit.plugin.messaging.StandardMessengerTest.testUnregisterIncomingPluginChannel_Plugin_String(org.bukkit.plugin.messaging.StandardMessengerTest)
StandardMessenger.java,org.bukkit.plugin.messaging.StandardMessenger,org.pitest.mutationtest.engine.gregor.mutators.NegateConditionalsMutator,dispatchIncomingMessage,416,KILLED,org.bukkit.plugin.messaging.StandardMessengerTest.testUnregisterIncomingPluginChannel_Plugin_String(org.bukkit.plugin.messaging.StandardMessengerTest)
StandardMessenger.java,org.bukkit.plugin.messaging.StandardMessenger,org.pitest.mutationtest.engine.gregor.mutators.VoidMethodCallMutator,dispatchIncomingMessage,419,SURVIVED,none
StandardMessenger.java,org.bukkit.plugin.messaging.StandardMessenger,org.pitest.mutationtest.engine.gregor.mutators.VoidMethodCallMutator,dispatchIncomingMessage,424,KILLED,org.bukkit.plugin.messaging.StandardMessengerTest.testUnregisterIncomingPluginChannel_Plugin_String(org.bukkit.plugin.messaging.StandardMessengerTest)
StandardMessenger.java,org.bukkit.plugin.messaging.StandardMessenger,org.pitest.mutationtest.engine.gregor.mutators.NegateConditionalsMutator,getIncomingChannelRegistrations,325,KILLED,org.bukkit.plugin.messaging.StandardMessengerTest.testGetIncomingChannelRegistrations_String_EmptyChannel(org.bukkit.plugin.messaging.StandardMessengerTest)
StandardMessenger.java,org.bukkit.plugin.messaging.StandardMessenger,org.pitest.mutationtest.engine.gregor.mutators.VoidMethodCallMutator,getIncomingChannelRegistrations,320,KILLED,org.bukkit.plugin.messaging.StandardMessengerTest.testGetIncomingChannelRegistrations_String_ValidatesTooLong(org.bukkit.plugin.messaging.StandardMessengerTest)
StandardMessenger.java,org.bukkit.plugin.messaging.StandardMessenger,org.pitest.mutationtest.engine.gregor.mutators.returns.EmptyObjectReturnValsMutator,getIncomingChannelRegistrations,326,KILLED,org.bukkit.plugin.messaging.StandardMessengerTest.testGetIncomingChannelRegistrations_String(org.bukkit.plugin.messaging.StandardMessengerTest)
StandardMessenger.java,org.bukkit.plugin.messaging.StandardMessenger,org.pitest.mutationtest.engine.gregor.mutators.returns.EmptyObjectReturnValsMutator,getIncomingChannelRegistrations,328,SURVIVED,none
StandardMessenger.java,org.bukkit.plugin.messaging.StandardMessenger,org.pitest.mutationtest.engine.gregor.mutators.NegateConditionalsMutator,getIncomingChannelRegistrations,304,KILLED,org.bukkit.plugin.messaging.StandardMessengerTest.testGetIncomingChannelRegistrations_Plugin(org.bukkit.plugin.messaging.StandardMessengerTest)
StandardMessenger.java,org.bukkit.plugin.messaging.StandardMessenger,org.pitest.mutationtest.engine.gregor.mutators.NegateConditionalsMutator,getIncomingChannelRegistrations,311,KILLED,org.bukkit.plugin.messaging.StandardMessengerTest.testGetIncomingChannelRegistrations_Plugin(org.bukkit.plugin.messaging.StandardMessengerTest)
StandardMessenger.java,org.bukkit.plugin.messaging.StandardMessenger,org.pitest.mutationtest.engine.gregor.mutators.returns.EmptyObjectReturnValsMutator,getIncomingChannelRegistrations,312,KILLED,org.bukkit.plugin.messaging.StandardMessengerTest.testGetIncomingChannelRegistrations_Plugin(org.bukkit.plugin.messaging.StandardMessengerTest)
StandardMessenger.java,org.bukkit.plugin.messaging.StandardMessenger,org.pitest.mutationtest.engine.gregor.mutators.returns.EmptyObjectReturnValsMutator,getIncomingChannelRegistrations,314,NO_COVERAGE,none
StandardMessenger.java,org.bukkit.plugin.messaging.StandardMessenger,org.pitest.mutationtest.engine.gregor.mutators.NegateConditionalsMutator,getIncomingChannelRegistrations,334,KILLED,org.bukkit.plugin.messaging.StandardMessengerTest.testGetIncomingChannelRegistrations_PluginString_ValidatesTooLong(org.bukkit.plugin.messaging.StandardMessengerTest)
StandardMessenger.java,org.bukkit.plugin.messaging.StandardMessenger,org.pitest.mutationtest.engine.gregor.mutators.NegateConditionalsMutator,getIncomingChannelRegistrations,342,KILLED,org.bukkit.plugin.messaging.StandardMessengerTest.testGetIncomingChannelRegistrations_Plugin_String(org.bukkit.plugin.messaging.StandardMessengerTest)
StandardMessenger.java,org.bukkit.plugin.messaging.StandardMessenger,org.pitest.mutationtest.engine.gregor.mutators.NegateConditionalsMutator,getIncomingChannelRegistrations,346,KILLED,org.bukkit.plugin.messaging.StandardMessengerTest.testGetIncomingChannelRegistrations_Plugin_String(org.bukkit.plugin.messaging.StandardMessengerTest)
StandardMessenger.java,org.bukkit.plugin.messaging.StandardMessenger,org.pitest.mutationtest.engine.gregor.mutators.VoidMethodCallMutator,getIncomingChannelRegistrations,337,KILLED,org.bukkit.plugin.messaging.StandardMessengerTest.testGetIncomingChannelRegistrations_PluginString_ValidatesTooLong(org.bukkit.plugin.messaging.StandardMessengerTest)
StandardMessenger.java,org.bukkit.plugin.messaging.StandardMessenger,org.pitest.mutationtest.engine.gregor.mutators.returns.EmptyObjectReturnValsMutator,getIncomingChannelRegistrations,351,KILLED,org.bukkit.plugin.messaging.StandardMessengerTest.testGetIncomingChannelRegistrations_Plugin_String(org.bukkit.plugin.messaging.StandardMessengerTest)
StandardMessenger.java,org.bukkit.plugin.messaging.StandardMessenger,org.pitest.mutationtest.engine.gregor.mutators.returns.EmptyObjectReturnValsMutator,getIncomingChannelRegistrations,353,SURVIVED,none
StandardMessenger.java,org.bukkit.plugin.messaging.StandardMessenger,org.pitest.mutationtest.engine.gregor.mutators.returns.EmptyObjectReturnValsMutator,getIncomingChannels,277,KILLED,org.bukkit.plugin.messaging.StandardMessengerTest.testGetIncomingChannels(org.bukkit.plugin.messaging.StandardMessengerTest)
StandardMessenger.java,org.bukkit.plugin.messaging.StandardMessenger,org.pitest.mutationtest.engine.gregor.mutators.NegateConditionalsMutator,getIncomingChannels,282,KILLED,org.bukkit.plugin.messaging.StandardMessengerTest.testGetIncomingChannels_Plugin(org.bukkit.plugin.messaging.StandardMessengerTest)
StandardMessenger.java,org.bukkit.plugin.messaging.StandardMessenger,org.pitest.mutationtest.engine.gregor.mutators.NegateConditionalsMutator,getIncomingChannels,289,KILLED,org.bukkit.plugin.messaging.StandardMessengerTest.testGetIncomingChannels_Plugin(org.bukkit.plugin.messaging.StandardMessengerTest)
StandardMessenger.java,org.bukkit.plugin.messaging.StandardMessenger,org.pitest.mutationtest.engine.gregor.mutators.returns.EmptyObjectReturnValsMutator,getIncomingChannels,296,KILLED,org.bukkit.plugin.messaging.StandardMessengerTest.testGetIncomingChannels_Plugin(org.bukkit.plugin.messaging.StandardMessengerTest)
StandardMessenger.java,org.bukkit.plugin.messaging.StandardMessenger,org.pitest.mutationtest.engine.gregor.mutators.returns.EmptyObjectReturnValsMutator,getIncomingChannels,298,SURVIVED,none
StandardMessenger.java,org.bukkit.plugin.messaging.StandardMessenger,org.pitest.mutationtest.engine.gregor.mutators.NegateConditionalsMutator,getIncomingRegistrationCount,435,KILLED,org.bukkit.plugin.messaging.StandardMessengerTest.testGetIncomingChannelRegistrations_String_EmptyChannel(org.bukkit.plugin.messaging.StandardMessengerTest)
StandardMessenger.java,org.bukkit.plugin.messaging.StandardMessenger,org.pitest.mutationtest.engine.gregor.mutators.returns.PrimitiveReturnsMutator,getIncomingRegistrationCount,435,KILLED,org.bukkit.plugin.messaging.StandardMessengerTest.testGetIncomingChannelRegistrations_String_DistinguishFromEmptyMutant(org.bukkit.plugin.messaging.StandardMessengerTest)
StandardMessenger.java,org.bukkit.plugin.messaging.StandardMessenger,org.pitest.mutationtest.engine.gregor.mutators.IncrementsMutator,getIncomingRegistrationCount,452,KILLED,org.bukkit.plugin.messaging.StandardMessengerTest.testGetIncomingChannelRegistrations_PluginString_DistinguishFromEmptyMutant(org.bukkit.plugin.messaging.StandardMessengerTest)
StandardMessenger.java,org.bukkit.plugin.messaging.StandardMessenger,org.pitest.mutationtest.engine.gregor.mutators.NegateConditionalsMutator,getIncomingRegistrationCount,446,KILLED,org.bukkit.plugin.messaging.StandardMessengerTest.testGetIncomingChannelRegistrations_PluginString_DistinguishFromEmptyMutant(org.bukkit.plugin.messaging.StandardMessengerTest)
StandardMessenger.java,org.bukkit.plugin.messaging.StandardMessenger,org.pitest.mutationtest.engine.gregor.mutators.NegateConditionalsMutator,getIncomingRegistrationCount,451,KILLED,org.bukkit.plugin.messaging.StandardMessengerTest.testGetIncomingChannelRegistrations_PluginString_DistinguishFromEmptyMutant(org.bukkit.plugin.messaging.StandardMessengerTest)
StandardMessenger.java,org.bukkit.plugin.messaging.StandardMessenger,org.pitest.mutationtest.engine.gregor.mutators.returns.PrimitiveReturnsMutator,getIncomingRegistrationCount,447,SURVIVED,none
StandardMessenger.java,org.bukkit.plugin.messaging.StandardMessenger,org.pitest.mutationtest.engine.gregor.mutators.returns.PrimitiveReturnsMutator,getIncomingRegistrationCount,455,KILLED,org.bukkit.plugin.messaging.StandardMessengerTest.testGetIncomingChannelRegistrations_PluginString_DistinguishFromEmptyMutant(org.bukkit.plugin.messaging.StandardMessengerTest)
StandardMessenger.java,org.bukkit.plugin.messaging.StandardMessenger,org.pitest.mutationtest.engine.gregor.mutators.NegateConditionalsMutator,getOutgoingChannelCountForPlugin,466,KILLED,org.bukkit.plugin.messaging.StandardMessengerTest.testRemoveFromOutgoing_VerifyChannelCountDecreases(org.bukkit.plugin.messaging.StandardMessengerTest)
StandardMessenger.java,org.bukkit.plugin.messaging.StandardMessenger,org.pitest.mutationtest.engine.gregor.mutators.returns.PrimitiveReturnsMutator,getOutgoingChannelCountForPlugin,466,KILLED,org.bukkit.plugin.messaging.StandardMessengerTest.testRemoveFromOutgoing_VerifyChannelCountDecreases(org.bukkit.plugin.messaging.StandardMessengerTest)
StandardMessenger.java,org.bukkit.plugin.messaging.StandardMessenger,org.pitest.mutationtest.engine.gregor.mutators.returns.EmptyObjectReturnValsMutator,getOutgoingChannels,254,KILLED,org.bukkit.plugin.messaging.StandardMessengerTest.testGetOutgoingChannels(org.bukkit.plugin.messaging.StandardMessengerTest)
StandardMessenger.java,org.bukkit.plugin.messaging.StandardMessenger,org.pitest.mutationtest.engine.gregor.mutators.NegateConditionalsMutator,getOutgoingChannels,259,KILLED,org.bukkit.plugin.messaging.StandardMessengerTest.testGetOutgoingChannels_Plugin(org.bukkit.plugin.messaging.StandardMessengerTest)
StandardMessenger.java,org.bukkit.plugin.messaging.StandardMessenger,org.pitest.mutationtest.engine.gregor.mutators.NegateConditionalsMutator,getOutgoingChannels,266,KILLED,org.bukkit.plugin.messaging.StandardMessengerTest.testGetOutgoingChannels_Plugin(org.bukkit.plugin.messaging.StandardMessengerTest)
StandardMessenger.java,org.bukkit.plugin.messaging.StandardMessenger,org.pitest.mutationtest.engine.gregor.mutators.returns.EmptyObjectReturnValsMutator,getOutgoingChannels,267,KILLED,org.bukkit.plugin.messaging.StandardMessengerTest.testGetOutgoingChannels_Plugin(org.bukkit.plugin.messaging.StandardMessengerTest)
StandardMessenger.java,org.bukkit.plugin.messaging.StandardMessenger,org.pitest.mutationtest.engine.gregor.mutators.returns.EmptyObjectReturnValsMutator,getOutgoingChannels,269,SURVIVED,none
StandardMessenger.java,org.bukkit.plugin.messaging.StandardMessenger,org.pitest.mutationtest.engine.gregor.mutators.returns.BooleanFalseReturnValsMutator,hasOutgoingChannelMapEntry,477,KILLED,org.bukkit.plugin.messaging.StandardMessengerTest.testRemoveFromOutgoing_LastPluginCleansUpChannelMap(org.bukkit.plugin.messaging.StandardMessengerTest)
StandardMessenger.java,org.bukkit.plugin.messaging.StandardMessenger,org.pitest.mutationtest.engine.gregor.mutators.returns.BooleanTrueReturnValsMutator,hasOutgoingChannelMapEntry,477,KILLED,org.bukkit.plugin.messaging.StandardMessengerTest.testRemoveFromOutgoing_NullCheckDoesNotCauseCleanup(org.bukkit.plugin.messaging.StandardMessengerTest)
StandardMessenger.java,org.bukkit.plugin.messaging.StandardMessenger,org.pitest.mutationtest.engine.gregor.mutators.returns.BooleanFalseReturnValsMutator,hasOutgoingPluginMapEntry,488,KILLED,org.bukkit.plugin.messaging.StandardMessengerTest.testRemoveFromOutgoing_LastChannelCleansUpPluginMap(org.bukkit.plugin.messaging.StandardMessengerTest)
StandardMessenger.java,org.bukkit.plugin.messaging.StandardMessenger,org.pitest.mutationtest.engine.gregor.mutators.returns.BooleanTrueReturnValsMutator,hasOutgoingPluginMapEntry,488,KILLED,org.bukkit.plugin.messaging.StandardMessengerTest.testRemoveFromOutgoing_NullCheckDoesNotCauseCleanup(org.bukkit.plugin.messaging.StandardMessengerTest)
StandardMessenger.java,org.bukkit.plugin.messaging.StandardMessenger,org.pitest.mutationtest.engine.gregor.mutators.NegateConditionalsMutator,isIncomingChannelRegistered,375,KILLED,org.bukkit.plugin.messaging.StandardMessengerTest.testIsIncomingChannelRegistered_ValidatesTooLong(org.bukkit.plugin.messaging.StandardMessengerTest)
StandardMessenger.java,org.bukkit.plugin.messaging.StandardMessenger,org.pitest.mutationtest.engine.gregor.mutators.NegateConditionalsMutator,isIncomingChannelRegistered,383,KILLED,org.bukkit.plugin.messaging.StandardMessengerTest.testRegisterIncomingPluginChannel(org.bukkit.plugin.messaging.StandardMessengerTest)
StandardMessenger.java,org.bukkit.plugin.messaging.StandardMessenger,org.pitest.mutationtest.engine.gregor.mutators.NegateConditionalsMutator,isIncomingChannelRegistered,385,KILLED,org.bukkit.plugin.messaging.StandardMessengerTest.testRegisterIncomingPluginChannel(org.bukkit.plugin.messaging.StandardMessengerTest)
StandardMessenger.java,org.bukkit.plugin.messaging.StandardMessenger,org.pitest.mutationtest.engine.gregor.mutators.VoidMethodCallMutator,isIncomingChannelRegistered,378,KILLED,org.bukkit.plugin.messaging.StandardMessengerTest.testIsIncomingChannelRegistered_ValidatesTooLong(org.bukkit.plugin.messaging.StandardMessengerTest)
StandardMessenger.java,org.bukkit.plugin.messaging.StandardMessenger,org.pitest.mutationtest.engine.gregor.mutators.returns.BooleanFalseReturnValsMutator,isIncomingChannelRegistered,386,KILLED,org.bukkit.plugin.messaging.StandardMessengerTest.testRegisterIncomingPluginChannel(org.bukkit.plugin.messaging.StandardMessengerTest)
StandardMessenger.java,org.bukkit.plugin.messaging.StandardMessenger,org.pitest.mutationtest.engine.gregor.mutators.returns.BooleanFalseReturnValsMutator,isIncomingChannelRegistered,391,SURVIVED,none
StandardMessenger.java,org.bukkit.plugin.messaging.StandardMessenger,org.pitest.mutationtest.engine.gregor.mutators.returns.BooleanTrueReturnValsMutator,isIncomingChannelRegistered,386,SURVIVED,none
StandardMessenger.java,org.bukkit.plugin.messaging.StandardMessenger,org.pitest.mutationtest.engine.gregor.mutators.returns.BooleanTrueReturnValsMutator,isIncomingChannelRegistered,391,KILLED,org.bukkit.plugin.messaging.StandardMessengerTest.testRegisterIncomingPluginChannel(org.bukkit.plugin.messaging.StandardMessengerTest)
StandardMessenger.java,org.bukkit.plugin.messaging.StandardMessenger,org.pitest.mutationtest.engine.gregor.mutators.NegateConditionalsMutator,isOutgoingChannelRegistered,396,KILLED,org.bukkit.plugin.messaging.StandardMessengerTest.testIsOutgoingChannelRegistered_ValidatesTooLong(org.bukkit.plugin.messaging.StandardMessengerTest)
StandardMessenger.java,org.bukkit.plugin.messaging.StandardMessenger,org.pitest.mutationtest.engine.gregor.mutators.NegateConditionalsMutator,isOutgoingChannelRegistered,404,KILLED,org.bukkit.plugin.messaging.StandardMessengerTest.testRemoveFromOutgoing_LastPluginCleansUpChannelMap(org.bukkit.plugin.messaging.StandardMessengerTest)
StandardMessenger.java,org.bukkit.plugin.messaging.StandardMessenger,org.pitest.mutationtest.engine.gregor.mutators.VoidMethodCallMutator,isOutgoingChannelRegistered,399,KILLED,org.bukkit.plugin.messaging.StandardMessengerTest.testIsOutgoingChannelRegistered_ValidatesNull(org.bukkit.plugin.messaging.StandardMessengerTest)
StandardMessenger.java,org.bukkit.plugin.messaging.StandardMessenger,org.pitest.mutationtest.engine.gregor.mutators.returns.BooleanFalseReturnValsMutator,isOutgoingChannelRegistered,405,KILLED,org.bukkit.plugin.messaging.StandardMessengerTest.testRemoveFromOutgoing_LastPluginCleansUpChannelMap(org.bukkit.plugin.messaging.StandardMessengerTest)
StandardMessenger.java,org.bukkit.plugin.messaging.StandardMessenger,org.pitest.mutationtest.engine.gregor.mutators.returns.BooleanFalseReturnValsMutator,isOutgoingChannelRegistered,408,SURVIVED,none
StandardMessenger.java,org.bukkit.plugin.messaging.StandardMessenger,org.pitest.mutationtest.engine.gregor.mutators.returns.BooleanTrueReturnValsMutator,isOutgoingChannelRegistered,405,KILLED,org.bukkit.plugin.messaging.StandardMessengerTest.testRegisterAndUnregisterOutgoingPluginChannel(org.bukkit.plugin.messaging.StandardMessengerTest)
StandardMessenger.java,org.bukkit.plugin.messaging.StandardMessenger,org.pitest.mutationtest.engine.gregor.mutators.returns.BooleanTrueReturnValsMutator,isOutgoingChannelRegistered,408,KILLED,org.bukkit.plugin.messaging.StandardMessengerTest.testRegisterAndUnregisterOutgoingPluginChannel(org.bukkit.plugin.messaging.StandardMessengerTest)
StandardMessenger.java,org.bukkit.plugin.messaging.StandardMessenger,org.pitest.mutationtest.engine.gregor.mutators.NegateConditionalsMutator,isRegistrationValid,359,KILLED,org.bukkit.plugin.messaging.StandardMessengerTest.testUnregisterIncomingPluginChannel_Plugin_String(org.bukkit.plugin.messaging.StandardMessengerTest)
StandardMessenger.java,org.bukkit.plugin.messaging.StandardMessenger,org.pitest.mutationtest.engine.gregor.mutators.NegateConditionalsMutator,isRegistrationValid,366,KILLED,org.bukkit.plugin.messaging.StandardMessengerTest.testUnregisterIncomingPluginChannel_Plugin_String(org.bukkit.plugin.messaging.StandardMessengerTest)
StandardMessenger.java,org.bukkit.plugin.messaging.StandardMessenger,org.pitest.mutationtest.engine.gregor.mutators.returns.BooleanFalseReturnValsMutator,isRegistrationValid,367,KILLED,org.bukkit.plugin.messaging.StandardMessengerTest.testUnregisterIncomingPluginChannel_Plugin_String(org.bukkit.plugin.messaging.StandardMessengerTest)
StandardMessenger.java,org.bukkit.plugin.messaging.StandardMessenger,org.pitest.mutationtest.engine.gregor.mutators.returns.BooleanFalseReturnValsMutator,isRegistrationValid,370,SURVIVED,none
StandardMessenger.java,org.bukkit.plugin.messaging.StandardMessenger,org.pitest.mutationtest.engine.gregor.mutators.returns.BooleanTrueReturnValsMutator,isRegistrationValid,367,KILLED,org.bukkit.plugin.messaging.StandardMessengerTest.testUnregisterIncomingPluginChannel_Plugin_String(org.bukkit.plugin.messaging.StandardMessengerTest)
StandardMessenger.java,org.bukkit.plugin.messaging.StandardMessenger,org.pitest.mutationtest.engine.gregor.mutators.returns.BooleanTrueReturnValsMutator,isRegistrationValid,370,KILLED,org.bukkit.plugin.messaging.StandardMessengerTest.testUnregisterIncomingPluginChannel_Plugin(org.bukkit.plugin.messaging.StandardMessengerTest)
StandardMessenger.java,org.bukkit.plugin.messaging.StandardMessenger,org.pitest.mutationtest.engine.gregor.mutators.NegateConditionalsMutator,isReservedChannel,171,KILLED,org.bukkit.plugin.messaging.StandardMessengerTest.testIsReservedChannel(org.bukkit.plugin.messaging.StandardMessengerTest)
StandardMessenger.java,org.bukkit.plugin.messaging.StandardMessenger,org.pitest.mutationtest.engine.gregor.mutators.NegateConditionalsMutator,isReservedChannel,171,KILLED,org.bukkit.plugin.messaging.StandardMessengerTest.testIsReservedChannel(org.bukkit.plugin.messaging.StandardMessengerTest)
StandardMessenger.java,org.bukkit.plugin.messaging.StandardMessenger,org.pitest.mutationtest.engine.gregor.mutators.VoidMethodCallMutator,isReservedChannel,169,SURVIVED,none
StandardMessenger.java,org.bukkit.plugin.messaging.StandardMessenger,org.pitest.mutationtest.engine.gregor.mutators.returns.BooleanTrueReturnValsMutator,isReservedChannel,171,KILLED,org.bukkit.plugin.messaging.StandardMessengerTest.testIsReservedChannel(org.bukkit.plugin.messaging.StandardMessengerTest)
StandardMessenger.java,org.bukkit.plugin.messaging.StandardMessenger,org.pitest.mutationtest.engine.gregor.mutators.NegateConditionalsMutator,registerIncomingPluginChannel,204,KILLED,org.bukkit.plugin.messaging.StandardMessengerTest.testReservedIncomingRegistration(org.bukkit.plugin.messaging.StandardMessengerTest)
StandardMessenger.java,org.bukkit.plugin.messaging.StandardMessenger,org.pitest.mutationtest.engine.gregor.mutators.NegateConditionalsMutator,registerIncomingPluginChannel,208,KILLED,org.bukkit.plugin.messaging.StandardMessengerTest.testReservedIncomingRegistration(org.bukkit.plugin.messaging.StandardMessengerTest)
StandardMessenger.java,org.bukkit.plugin.messaging.StandardMessenger,org.pitest.mutationtest.engine.gregor.mutators.NegateConditionalsMutator,registerIncomingPluginChannel,211,KILLED,org.bukkit.plugin.messaging.StandardMessengerTest.testGetIncomingChannelRegistrations_String(org.bukkit.plugin.messaging.StandardMessengerTest)
StandardMessenger.java,org.bukkit.plugin.messaging.StandardMessenger,org.pitest.mutationtest.engine.gregor.mutators.VoidMethodCallMutator,registerIncomingPluginChannel,207,SURVIVED,none
StandardMessenger.java,org.bukkit.plugin.messaging.StandardMessenger,org.pitest.mutationtest.engine.gregor.mutators.VoidMethodCallMutator,registerIncomingPluginChannel,217,KILLED,org.bukkit.plugin.messaging.StandardMessengerTest.testGetIncomingChannelRegistrations_String(org.bukkit.plugin.messaging.StandardMessengerTest)
StandardMessenger.java,org.bukkit.plugin.messaging.StandardMessenger,org.pitest.mutationtest.engine.gregor.mutators.returns.NullReturnValsMutator,registerIncomingPluginChannel,219,KILLED,org.bukkit.plugin.messaging.StandardMessengerTest.testGetIncomingChannelRegistrations_String(org.bukkit.plugin.messaging.StandardMessengerTest)
StandardMessenger.java,org.bukkit.plugin.messaging.StandardMessenger,org.pitest.mutationtest.engine.gregor.mutators.NegateConditionalsMutator,registerOutgoingPluginChannel,175,KILLED,org.bukkit.plugin.messaging.StandardMessengerTest.testReservedOutgoingRegistration(org.bukkit.plugin.messaging.StandardMessengerTest)
StandardMessenger.java,org.bukkit.plugin.messaging.StandardMessenger,org.pitest.mutationtest.engine.gregor.mutators.NegateConditionalsMutator,registerOutgoingPluginChannel,179,KILLED,org.bukkit.plugin.messaging.StandardMessengerTest.testReservedOutgoingRegistration(org.bukkit.plugin.messaging.StandardMessengerTest)
StandardMessenger.java,org.bukkit.plugin.messaging.StandardMessenger,org.pitest.mutationtest.engine.gregor.mutators.VoidMethodCallMutator,registerOutgoingPluginChannel,178,SURVIVED,none
StandardMessenger.java,org.bukkit.plugin.messaging.StandardMessenger,org.pitest.mutationtest.engine.gregor.mutators.VoidMethodCallMutator,registerOutgoingPluginChannel,183,KILLED,org.bukkit.plugin.messaging.StandardMessengerTest.testGetOutgoingChannels_Plugin(org.bukkit.plugin.messaging.StandardMessengerTest)
StandardMessenger.java,org.bukkit.plugin.messaging.StandardMessenger,org.pitest.mutationtest.engine.gregor.mutators.NegateConditionalsMutator,removeFromIncoming,156,KILLED,org.bukkit.plugin.messaging.StandardMessengerTest.testUnregisterIncomingPluginChannel_Plugin(org.bukkit.plugin.messaging.StandardMessengerTest)
StandardMessenger.java,org.bukkit.plugin.messaging.StandardMessenger,org.pitest.mutationtest.engine.gregor.mutators.VoidMethodCallMutator,removeFromIncoming,162,KILLED,org.bukkit.plugin.messaging.StandardMessengerTest.testUnregisterIncomingPluginChannel_Plugin(org.bukkit.plugin.messaging.StandardMessengerTest)
StandardMessenger.java,org.bukkit.plugin.messaging.StandardMessenger,org.pitest.mutationtest.engine.gregor.mutators.NegateConditionalsMutator,removeFromIncoming,140,KILLED,org.bukkit.plugin.messaging.StandardMessengerTest.testUnregisterIncomingPluginChannel_Plugin_String(org.bukkit.plugin.messaging.StandardMessengerTest)
StandardMessenger.java,org.bukkit.plugin.messaging.StandardMessenger,org.pitest.mutationtest.engine.gregor.mutators.NegateConditionalsMutator,removeFromIncoming,144,KILLED,org.bukkit.plugin.messaging.StandardMessengerTest.testUnregisterIncomingPluginChannel_Plugin_String(org.bukkit.plugin.messaging.StandardMessengerTest)
StandardMessenger.java,org.bukkit.plugin.messaging.StandardMessenger,org.pitest.mutationtest.engine.gregor.mutators.VoidMethodCallMutator,removeFromIncoming,145,KILLED,org.bukkit.plugin.messaging.StandardMessengerTest.testUnregisterIncomingPluginChannel_Plugin_String(org.bukkit.plugin.messaging.StandardMessengerTest)
StandardMessenger.java,org.bukkit.plugin.messaging.StandardMessenger,org.pitest.mutationtest.engine.gregor.mutators.NegateConditionalsMutator,removeFromIncoming,116,KILLED,org.bukkit.plugin.messaging.StandardMessengerTest.testUnregisterIncomingPluginChannel_Plugin_String(org.bukkit.plugin.messaging.StandardMessengerTest)
StandardMessenger.java,org.bukkit.plugin.messaging.StandardMessenger,org.pitest.mutationtest.engine.gregor.mutators.NegateConditionalsMutator,removeFromIncoming,119,SURVIVED,none
StandardMessenger.java,org.bukkit.plugin.messaging.StandardMessenger,org.pitest.mutationtest.engine.gregor.mutators.NegateConditionalsMutator,removeFromIncoming,126,KILLED,org.bukkit.plugin.messaging.StandardMessengerTest.testUnregisterIncomingPluginChannel_Plugin_String(org.bukkit.plugin.messaging.StandardMessengerTest)
StandardMessenger.java,org.bukkit.plugin.messaging.StandardMessenger,org.pitest.mutationtest.engine.gregor.mutators.NegateConditionalsMutator,removeFromIncoming,129,KILLED,org.bukkit.plugin.messaging.StandardMessengerTest.testUnregisterIncomingPluginChannel_Plugin_String(org.bukkit.plugin.messaging.StandardMessengerTest)
StandardMessenger.java,org.bukkit.plugin.messaging.StandardMessenger,org.pitest.mutationtest.engine.gregor.mutators.NegateConditionalsMutator,removeFromOutgoing,70,KILLED,org.bukkit.plugin.messaging.StandardMessengerTest.testUnregisterOutgoingPluginChannel_Plugin(org.bukkit.plugin.messaging.StandardMessengerTest)
StandardMessenger.java,org.bukkit.plugin.messaging.StandardMessenger,org.pitest.mutationtest.engine.gregor.mutators.VoidMethodCallMutator,removeFromOutgoing,76,SURVIVED,none
StandardMessenger.java,org.bukkit.plugin.messaging.StandardMessenger,org.pitest.mutationtest.engine.gregor.mutators.NegateConditionalsMutator,removeFromOutgoing,48,KILLED,org.bukkit.plugin.messaging.StandardMessengerTest.testRemoveFromOutgoing_NullCheckDoesNotCauseCleanup(org.bukkit.plugin.messaging.StandardMessengerTest)
StandardMessenger.java,org.bukkit.plugin.messaging.StandardMessenger,org.pitest.mutationtest.engine.gregor.mutators.NegateConditionalsMutator,removeFromOutgoing,51,KILLED,org.bukkit.plugin.messaging.StandardMessengerTest.testRemoveFromOutgoing_LastPluginCleansUpChannelMap(org.bukkit.plugin.messaging.StandardMessengerTest)
StandardMessenger.java,org.bukkit.plugin.messaging.StandardMessenger,org.pitest.mutationtest.engine.gregor.mutators.NegateConditionalsMutator,removeFromOutgoing,56,KILLED,org.bukkit.plugin.messaging.StandardMessengerTest.testRemoveFromOutgoing_NullCheckDoesNotCauseCleanup(org.bukkit.plugin.messaging.StandardMessengerTest)
StandardMessenger.java,org.bukkit.plugin.messaging.StandardMessenger,org.pitest.mutationtest.engine.gregor.mutators.NegateConditionalsMutator,removeFromOutgoing,59,KILLED,org.bukkit.plugin.messaging.StandardMessengerTest.testRemoveFromOutgoing_VerifyChannelCountDecreases(org.bukkit.plugin.messaging.StandardMessengerTest)
StandardMessenger.java,org.bukkit.plugin.messaging.StandardMessenger,org.pitest.mutationtest.engine.gregor.mutators.NegateConditionalsMutator,unregisterIncomingPluginChannel,244,KILLED,org.bukkit.plugin.messaging.StandardMessengerTest.testUnregisterIncomingPluginChannel_Plugin(org.bukkit.plugin.messaging.StandardMessengerTest)
StandardMessenger.java,org.bukkit.plugin.messaging.StandardMessenger,org.pitest.mutationtest.engine.gregor.mutators.VoidMethodCallMutator,unregisterIncomingPluginChannel,248,KILLED,org.bukkit.plugin.messaging.StandardMessengerTest.testUnregisterIncomingPluginChannel_Plugin(org.bukkit.plugin.messaging.StandardMessengerTest)
StandardMessenger.java,org.bukkit.plugin.messaging.StandardMessenger,org.pitest.mutationtest.engine.gregor.mutators.NegateConditionalsMutator,unregisterIncomingPluginChannel,235,KILLED,org.bukkit.plugin.messaging.StandardMessengerTest.testUnregisterIncomingPluginChannel_Plugin_String(org.bukkit.plugin.messaging.StandardMessengerTest)
StandardMessenger.java,org.bukkit.plugin.messaging.StandardMessenger,org.pitest.mutationtest.engine.gregor.mutators.VoidMethodCallMutator,unregisterIncomingPluginChannel,238,SURVIVED,none
StandardMessenger.java,org.bukkit.plugin.messaging.StandardMessenger,org.pitest.mutationtest.engine.gregor.mutators.VoidMethodCallMutator,unregisterIncomingPluginChannel,240,KILLED,org.bukkit.plugin.messaging.StandardMessengerTest.testUnregisterIncomingPluginChannel_Plugin_String(org.bukkit.plugin.messaging.StandardMessengerTest)
StandardMessenger.java,org.bukkit.plugin.messaging.StandardMessenger,org.pitest.mutationtest.engine.gregor.mutators.NegateConditionalsMutator,unregisterIncomingPluginChannel,223,KILLED,org.bukkit.plugin.messaging.StandardMessengerTest.testRegisterIncomingPluginChannel(org.bukkit.plugin.messaging.StandardMessengerTest)
StandardMessenger.java,org.bukkit.plugin.messaging.StandardMessenger,org.pitest.mutationtest.engine.gregor.mutators.NegateConditionalsMutator,unregisterIncomingPluginChannel,226,KILLED,org.bukkit.plugin.messaging.StandardMessengerTest.testRegisterIncomingPluginChannel(org.bukkit.plugin.messaging.StandardMessengerTest)
StandardMessenger.java,org.bukkit.plugin.messaging.StandardMessenger,org.pitest.mutationtest.engine.gregor.mutators.VoidMethodCallMutator,unregisterIncomingPluginChannel,229,SURVIVED,none
StandardMessenger.java,org.bukkit.plugin.messaging.StandardMessenger,org.pitest.mutationtest.engine.gregor.mutators.VoidMethodCallMutator,unregisterIncomingPluginChannel,231,KILLED,org.bukkit.plugin.messaging.StandardMessengerTest.testRegisterIncomingPluginChannel(org.bukkit.plugin.messaging.StandardMessengerTest)
StandardMessenger.java,org.bukkit.plugin.messaging.StandardMessenger,org.pitest.mutationtest.engine.gregor.mutators.NegateConditionalsMutator,unregisterOutgoingPluginChannel,196,KILLED,org.bukkit.plugin.messaging.StandardMessengerTest.testUnregisterOutgoingPluginChannel_Plugin(org.bukkit.plugin.messaging.StandardMessengerTest)
StandardMessenger.java,org.bukkit.plugin.messaging.StandardMessenger,org.pitest.mutationtest.engine.gregor.mutators.VoidMethodCallMutator,unregisterOutgoingPluginChannel,200,KILLED,org.bukkit.plugin.messaging.StandardMessengerTest.testUnregisterOutgoingPluginChannel_Plugin(org.bukkit.plugin.messaging.StandardMessengerTest)
StandardMessenger.java,org.bukkit.plugin.messaging.StandardMessenger,org.pitest.mutationtest.engine.gregor.mutators.NegateConditionalsMutator,unregisterOutgoingPluginChannel,187,KILLED,org.bukkit.plugin.messaging.StandardMessengerTest.testRemoveFromOutgoing_NullCheckDoesNotCauseCleanup(org.bukkit.plugin.messaging.StandardMessengerTest)
StandardMessenger.java,org.bukkit.plugin.messaging.StandardMessenger,org.pitest.mutationtest.engine.gregor.mutators.VoidMethodCallMutator,unregisterOutgoingPluginChannel,190,SURVIVED,none
StandardMessenger.java,org.bukkit.plugin.messaging.StandardMessenger,org.pitest.mutationtest.engine.gregor.mutators.VoidMethodCallMutator,unregisterOutgoingPluginChannel,192,KILLED,org.bukkit.plugin.messaging.StandardMessengerTest.testRemoveFromOutgoing_LastPluginCleansUpChannelMap(org.bukkit.plugin.messaging.StandardMessengerTest)
StandardMessenger.java,org.bukkit.plugin.messaging.StandardMessenger,org.pitest.mutationtest.engine.gregor.mutators.ConditionalsBoundaryMutator,validateChannel,501,KILLED,org.bukkit.plugin.messaging.StandardMessengerTest.testRemoveFromOutgoing_NullCheckDoesNotCauseCleanup(org.bukkit.plugin.messaging.StandardMessengerTest)
StandardMessenger.java,org.bukkit.plugin.messaging.StandardMessenger,org.pitest.mutationtest.engine.gregor.mutators.NegateConditionalsMutator,validateChannel,498,KILLED,org.bukkit.plugin.messaging.StandardMessengerTest.testIsIncomingChannelRegistered_ValidatesNull(org.bukkit.plugin.messaging.StandardMessengerTest)
StandardMessenger.java,org.bukkit.plugin.messaging.StandardMessenger,org.pitest.mutationtest.engine.gregor.mutators.NegateConditionalsMutator,validateChannel,501,KILLED,org.bukkit.plugin.messaging.StandardMessengerTest.testGetIncomingChannelRegistrations_String_ValidatesTooLong(org.bukkit.plugin.messaging.StandardMessengerTest)
StandardMessenger.java,org.bukkit.plugin.messaging.StandardMessenger,org.pitest.mutationtest.engine.gregor.mutators.ConditionalsBoundaryMutator,validatePluginMessage,540,NO_COVERAGE,none
StandardMessenger.java,org.bukkit.plugin.messaging.StandardMessenger,org.pitest.mutationtest.engine.gregor.mutators.NegateConditionalsMutator,validatePluginMessage,525,NO_COVERAGE,none
StandardMessenger.java,org.bukkit.plugin.messaging.StandardMessenger,org.pitest.mutationtest.engine.gregor.mutators.NegateConditionalsMutator,validatePluginMessage,528,NO_COVERAGE,none
StandardMessenger.java,org.bukkit.plugin.messaging.StandardMessenger,org.pitest.mutationtest.engine.gregor.mutators.NegateConditionalsMutator,validatePluginMessage,531,NO_COVERAGE,none
StandardMessenger.java,org.bukkit.plugin.messaging.StandardMessenger,org.pitest.mutationtest.engine.gregor.mutators.NegateConditionalsMutator,validatePluginMessage,534,NO_COVERAGE,none
StandardMessenger.java,org.bukkit.plugin.messaging.StandardMessenger,org.pitest.mutationtest.engine.gregor.mutators.NegateConditionalsMutator,validatePluginMessage,537,NO_COVERAGE,none
StandardMessenger.java,org.bukkit.plugin.messaging.StandardMessenger,org.pitest.mutationtest.engine.gregor.mutators.NegateConditionalsMutator,validatePluginMessage,540,NO_COVERAGE,none
StandardMessenger.java,org.bukkit.plugin.messaging.StandardMessenger,org.pitest.mutationtest.engine.gregor.mutators.VoidMethodCallMutator,validatePluginMessage,543,NO_COVERAGE,none
